product_id,reorder_count,product_name
24852,55763,Banana
13176,44450,Bag of Organic Bananas
21137,28639,Organic Strawberries
21903,26233,Organic Baby Spinach
47209,23629,Organic Hass Avocado
47766,18743,Organic Avocado
27845,16251,Organic Whole Milk
47626,15044,Large Lemon
27966,14748,Organic Raspberries
16797,13945,Strawberries
26209,13327,Limes
22935,11145,Organic Yellow Onion
24964,10411,Organic Garlic
45007,10076,Organic Zucchini
49683,9538,Cucumber Kirby
28204,8989,Organic Fuji Apple
8277,8836,Apple Honeycrisp Organic
39275,8799,Organic Blueberries
5876,8412,Organic Lemon
49235,8389,Organic Half & Half
